term,codes_pipe_sep
150 70 mmhg,I10
1oυ βαθμου κκα,I44
1oυ βαθμου κολποκοιλιακος αποκλεισμος rο θωρακος,I44
1st a v block,I44
1st degree av block,I44
1ου β. av block,I44
1ου βαθμου,I44
1ου βαθμου κ κ αποκλεισμος,I44
1ου βαθμου κκ αποκλεισμος,I44
1ου βαθμου κκα,I44
1ου βαθμου κολποκοιλιακος αποκλεισμος,I44
1ου κ κα,I44
1ου κκα,I44
2 1 av block,I44
2 1 kka,I44
2 1 κκα,I44
2 1 κολποκοιλιακος αποκλεισμος,I44
2 1 κολποκοιλιακος αποκλεισμος mobitz ii,I44
2 1 κολποκοιλιακου αποκλεισμου,I44
2.1 κκα,I44
24ωρη καταγραφη holter,Z95
2xpci,Z95
2ου βαθμου κκα 2 1,I44
2ου βαθμου κολποκοιλιακος αποκλεισμος,I44
2ου κκα,I44
3ου βαθμου κ κα,I44
3ου κ κα,I44
3ου κκα,I44
5xcabg,Z95
70 στενωση lad,I25
a y,I10
a. fib,I48
a.fib,I48
a.flutter,I48
acs,I20|I21|I22|I24
aee,I64
af,I48
af αγνωστου εναρξεως,I48
af με βραδεια κοιλιακη ανταποκριση,I48
afib,I48
aflutter,I48
aka,I50
aor,I35
aor1,I35
aos,I35
aos με μικρη ar,I35
aov,I35
aov ασβεστωμενη με σοβαρη στενωση,I35
aov επασβεστωμενη με ηπια στενωση,I35
aov με σοβαρη στενωση,I35
aov τριπτυχη επασβεστωμενη με σοβαρου βαθμου στενωση,I35
aovr βιολογικη,Z95
aoρτικη βαλβιδα τριπτυχη επασβεστωμενη με σοβαρη στενωση,I35
ar,I35
ar 1 4,I35
as,I35
as μετριου προς σοβαρου βαθμου,I35
atrial fibrillation,I48
av block,I44
av block 2ου βαθμου mobitz ii,I44
av βιολογικη,Z95
av βιοπροθετικη,Z95
av εντονως επασβεστωμενη με avmax 3.43 m s και ηπια ανεπαρκεια,I35
av με σοβαρη στενωση αυτης av,I35
avr 2 4,I35
ay,I10
aεε,I64
aθηροσκληρωτικη καρδιοπαθεια,I25
aντικατασταση aov με μηχανικη,Z95
aντικατασταση mv μεταλλικη,Z95
aντικατασταση μιτροειδους και αορτικης βαλβιδας,Z95
aπορρυθμιση κα,I50
aπορρυθμιση καρδιακης ανεπαρκειας,I50
aρτηριακη υπερταση,I10
aσταθης στηθαγχη,I20
by pass,Z95
bypass,Z95
bypass χ3,Z95
bιολογικη βαλβιδα,Z95
c a,Y84
ca,Y84
ca αιδοιου,C00-C97
ca κατω χειλους,C00-C97
ca λαρυγγος,C00-C97
ca μαστου,C00-C97
ca νεφρου,C00-C97
ca ουροδοχου,C00-C97
ca παγκρεατος,C00-C97
ca παχεος εντερου,C00-C97
ca πε,C00-C97
ca πενυμονα,C00-C97
ca πνευμονα,C00-C97
ca πνευμονος,C00-C97
ca προστατη,C00-C97
ca σιγμοειδους,C00-C97
ca υπερωας,C00-C97
ca ωοθηκων,C00-C97
cabg,I25|Y84|Z95
cabg x 3,Z95
cabg x2,Z95
cabg x3,Z95
cabg x3 προ 3 ετων,Z95
cabg xxxx,Z95
cabg προ 20ετιας,Z95
cabgx1,Z95
cabgx2,Z95
cabgx3,Z95
cabgx4,Z95
cabgx5,Z95
crt d,Z95
ddd r βηματοδοτη,Z95
dddr,Z95
dddr βηματοδοτη,Z95
dddr βηματοδοτης,Z95
dvt,I80
dvt αρ κατω ακρου,I80
em προ ετους,I25
eμφυτευση dddr,Z95
hashimoto,E00-E07
hfmef,I50
hfmref,I50
hfpef,I50
hfref,I50
hfref lvef 25,I50
holter,Z95
holter 24 ωρου,Z95
holter 24h,Z95
holter 24ωρου,Z95
holter πιεσης 24ωρου,Z95
holter ρυθμου,Z95
holter ρυθμου 24ωρης καταγραφης,Z95
holter ρυθμου 24ωρου,Z95
icd,Z95
iσχαιμικο aee,I64
k a,I50
k m,I48
ka,I50
kka 1ου βαθμου,I44
kka 2 1,I44
km,I48
koλπικη μαρμαρυγη,I48
kαρδιακη ανεπαρκεια,I50
kοιλιακη μαρμαρυγη,I49
kολπικη ταχυκαρδια,I47
kπ,I48
lad διαχυτα αθηρωματικο αγγειο,Z95
lah,I44
lbbb,I44
lima,Z95
lima lad,Z95
lvef 20,I50
maos,I35
met aov,Z95
minoca,I24
mobitz ii,I44
mr,I34
mr 2,I34
mονιμος βηματοδοτης,Z95
n stemi,I21
non hodgkin λεμφωμα,C00-C97
non stemi,I21
nonstemi,I21
nstemi,I21
nstemi pci,I21|I22|Y84|Z95
nstemi εμφραγμα,I21
nstemi εμφραγματος,I21
nstemi εμφραγματος του μυοκαρδιου,I21
nstemi.,I21
nsvt,I47
oem,I21|I25
oem stemi κατωτερου τοιχωματος,I21
ona,N17
onb,N17
oξυ εμφραγμα μυοκαρδιου,I21
oξυ πνευμονικο οιδημα,J81
oξυ στεφανιαιο συνδρομο,I21|I24
oπο,J81
oσς,I21|I24
p. af,I48
pac,I49
pacemaker,Z95
pacs,I49
pad,I79
paf,I48
pci,I25|Y84|Z95
pci lad,Z95
pci lad d1,Z95
pci lad rca,Z95
pci lad x xxxx,Z95
pci lcx,Z95
pci lcx stent x2,Z95
pci pad,Z95
pci rca,Z95
pci x 2,Z95
pci x2,Z95
pci προ 6ετιας,Z95
pci προ δεκαετιας,Z95
pci σε 1 αγγειο,Z95
pci σε lcx,Z95
pci στην lcx,Z95
pci στον lad,Z95
pcix2,Z95
pcix4,Z95
pcι,Z95
ppci,I25|Y84|Z95
ppci στη lad,Z95
ppci στον lad,Z95
ppm vdd r,Z95
ptca,I25|Y84|Z95
pvcs,I49
rbbb,I45
rca,Z95
rpci,Z95
sr κατασπαση st i avl v4 6,I21
stemi,I21
stemi k t,I21|I22
stemi katωτερου τοιχωματος,I21
stemi kt,I22
stemi κ τ,I21
stemi κατω πλαγιου τοιχωματος,I21
stemi κατω τοιχωματος,I21
stemi κατωτερο,I21
stemi κατωτερο οπισθιο,I21
stemi κατωτεροπλαγιου τοιχωματος,I21
stemi κατωτερου,I21
stemi κατωτερου οπισθιου,I21
stemi κατωτερου οπισθιου τοιχωματος και δεξιας κοιλιας,I21
stemi κατωτερου τοιχωματος,I21
stemi κατωτερου τοιχωματος και δεξιας κοιλιας,I21
stemi κωτερου τοιχωματος,I21
stemi πλαγιου τοιχωματος,I21
stemi προσθιο,I21|I22
stemi προσθιοπλαγιο,I21|I25
stemi προσθιου εκτεταμενου,I21
stemi προσθιου πλαγιου,I21
stemi προσθιου τοιχωματος,I21|I22
stemi προσιου τοιχωματος,I21
stent,Z95
stent lad,I25|Z95
stent καρωτιδας,I65
stent καρωτιδων,Z95
stents,Z95
svt,I47
takotsubo,I42
tavi,I35|Y84|Z95
tr,I07
vf,I49
vt,I47
vvi r,Z95
wpw,I49
xaπ,J44
xkm,I48
xna,N18
xna yπο τν,N18
xna υπο tn,N18
xna υπο τ ν,N18
xnn,N18
xxx απο xx xx x λογω οσς,I25
xρ.κμ,I48
xρονια νεφρικη νοσος,N18
yπερλιπιδαιμια,E78
yποθυρεοειδισμος,E03
α βαθμου κ κα,I44
α βαθμου κκ αποκλεισμος,I44
α βαρθμου κ κ αποκλεισμου,I44
α κκα,I44
α υ,I10
α. fib,I48
α.fib,I48
α.υ,I10
αf,I48
αfib,I48
αflutter,I48
αs,I35
αy,I10
αγγειιτιδα churg strauss,M31
αγγειογραφικο ελεγχο,Y84
αγγειοπαθεια κατω ακρων,I79
αγγειοπαλστικων,Z95
αγγειοπλασθεν,Z95
αγγειοπλασθηκε,Z95
αγγειοπλαστη,Z95
αγγειοπλαστηκε,Z95
αγγειοπλαστικ,Z95
αγγειοπλαστικες,Z95
αγγειοπλαστικη,Z95
αγγειοπλαστικη d1,Z95
αγγειοπλαστικη lad,Z95
αγγειοπλαστικη lad και d1,Z95
αγγειοπλαστικη lcx,Z95
αγγειοπλαστικη rca,Z95
αγγειοπλαστικη δεξιας στεφανιαιας,Z95
αγγειοπλαστικη ενος αγγειου lad,Z95
αγγειοπλαστικη λαγονιων,Z95
αγγειοπλαστικη ομ1,Z95
αγγειοπλαστικη περισπωμενου,Z95
αγγειοπλαστικη περισπωμενου κλαδου,Z95
αγγειοπλαστικη προσθιου κατιοντος,Z95
αγγειοπλαστικη σε lad,Z95
αγγειοπλαστικη στεφανιαια,I25|Y84|Z95
αγγειοπλαστικη στην lcx,Z95
αγγειοπλαστικη στην rca,Z95
αγγειοπλαστικη στο μοσχευμα της rca,Z95
αγγειοπλαστικη στο φλεβικο μοσχευμα,Z95
αγγειοπλαστικη στον d1,Z95
αγγειοπλαστικη στον lad,Z95
αγγειοπλαστικη στον rca,Z95
αγγειοπλαστικη στον rca και lcx,Z95
αγγειοπλαστικη στον διαμεσο κλαδο,Z95
αγγειοπλαστικη στον προσθιο κατιοντα,Z95
αγγειοπλαστικη υπευθυνης βλαβης,Z95
αγγειοπλαστικης,Z95
αγγειοπλαστικης στην rca,Z95
αγγειοπλαστικων,Z95
αγγειπλαστικη,Z95
αγκυλοποιητικη σπουνδυλιτιδα,M30-M36
αγχωδης διαταραχη,F45
αδαμαντιαδη behcet,M30-M36
αδυναμια,R53
αδυναμια βαδισης,R53
αδυναμια καταβολη,R53
αδυναμια καταβολη δυναμεων,R53
αδυναμιας,R53
αδυναμιας αδυναμια βαδισης,R53
αδυναμιας και καταβολης,R53
αδυναμιας καταβολης,R53
αδυναμιας κατοβολης,R53
αεε,I64
αθηροσκληρωτικη καρδιοπαθεια,I25
αθηρωματικο αγγειο,I25
αθηρωματικος ο lad,I25
αιματεμεσης,K92
αιματουρια,R31
αιματουριας,R31
αιματοχεσιας,K92
αιμοκαθαρση,Z99
αιμοπτυση,R04
αιμορραγια ανωτερου πεπτικου,K92
αιμορραγια πεπτικου,K92
αιμορραγιας πεπτικου,K92
αιμορραγιες ανωτερου πεπτικου,K92
αιμορραγικο αεε,I62
αιμορραγιων πεπτικου,K92
αιμωδια,R20
αιμωδιες,R20
αιμωδιες ανω ακρου απο ωρας,R20
αιμωδιες ανω ακρων,R20
αιμωδιες αρ ανω ακρου,R20
αιμωδιων αρ ανω ακρου,R20
αισθημα αδυναμιας καταβολης,R53
αισθημα αιμωδιων,R20
αισθημα βαρους οπισθοστερνικα,R07
αισθημα βαρους στο επιγαστριο,R10
αισθημα βαρους στο επιγαστριο και στο προσθιο θωρακικο τοιχωμα,R07
αισθημα βαρους στο θωρακα,R07
αισθημα δυσπνοιας,R06
αισθημα δυσφοριας,R07
αισθημα ζαλης,R42
αισθημα παλμων,R00
αισθημα παλμων απο μηνος,R00
αισθημα παλμων διαρκειας,R00
αισθημα προκαρδιου δυσφοριας,R07
αισθημα συσφιγκτικου αλγους,R07
αισθηματος αδυναμιας,R53
αισθηματος βαρους οπισθοστερνικα,R07
αισθηματος βαρους στο προκαρδιο,R07
αισθηματος ζαλης,R42
αισθηματος καταβολης και αδυναμιας,R53
αισθηματος καυσου οπισθοστερνικα,R07
αισθηματος καυσου στο προκαρδιο,R07
αισθηματος παλμων,R00
αισθηματος παλων,R00
αισθηματος προκαρδιας δυσφοριας,R07
αιφνιδιας δυσπνοιας,R06
αιφνιδιο οπισθοστερνικο αλγος,R07
αιφνιδιος θανατος πατερα απο διατατικη μυοκαρδιοπαθεια,Z82
αιφνιδιου αλγους αρ. ωμοπλατιαιας χωρας διαξιφιστικου με αντανακλαση στο θωρακα,R07
ακτικαταστασης αοv και μv,Z95
αλγη ραχης,R07
αλγος,R07
αλγος αριστερου ημιθωρακιου,R07
αλγος δε ημιθωρακιου,R07
αλγος δε υποχονδριου δε ημιθωρακιου,R07
αλγος επιγαστριου,R10
αλγος επιγαστριου με επεκταση στο θωρακα,R10
αλγος θωρακικο,R07
αλγος καυστικου χαρακτηρα στην αρ μασχαλιαια χωρα με επεκταση προς την αρ ωμοπλατη,R07
αλγος οπισθοστερνικα,R07
αλγος ραχης θωρακα,R07
αλγος ραχης και θωρακα,R07
αλγος ραχης με επεκταση στο θωρακα,R07
αλγος ωμων αμφω με αντανακλαση στη μεσοπλατια και στην προκαρδια χωρα,R07
αλγους,R07
αλγους αρ ωμοπλατης,R07
αλγους δε υποχονδριου,R10
αλγους οπισθοστερνικα,R07
αλγους ραχης θωρακα,R07
αλγους στο προσθιο θωρακικο τοιχωμα,R07
αλκοολικη κιρρωση,K70
αλκοολικη μυοκαρδιοπαθεια,I43
αλκοολισμος,Z72
αλλεργικο ασθμα,J45
αμυλοειδωση,E85
αμυλοειδωσης,E85
αμφικοιλιακος βηματοδοτης,Z95
αναδειξη νοσου 3 αγγειων,I25
αναιμια,D50-D64
αναιμια σιδηροπενικη,D50-D64
αναιμια υπο σιδηρο,D50-D64
αναιμια χρονιας νοσου,D50-D64
αναιμιας,D50-D64
ανακοπη,I46
ανακοπη και ανεταξε με ενα κυκλο καρπα,I46
ανακοπη στα τεπ η οποια ανεταχθη με καρπα,I46
ανακοπης,I46
ανακοπης vf και επανηλθε με καρπα και απινιδωση,I46
ανανηψη με πολλαπλα shock,I46
αναπνευστικη ανεπαρκεια,J96
αναπνευστικη ανεπαρκεια τ. ιι,J96
αναπνευστικη ανεπαρκεια τυπου 2,J96
αναπνευστικη ανεπαρκεια τυπου ιι,J96
αναπνευστικη ανεπαρκεια υπερκαπνικου τυπου,J96
αναπνευστικης ανεπαρκειας τυπου ιι,J96
ανασπασεις του st,I21
ανασπαση st,I21|I22
ανασπαση st v1 v3,I21
ανασπαση st ιι ιιι avf,I22
αναταχθεισα ανακοπη,I46
αναταχθησα ανακοπη,I46
αναταχθησας ανακοπης,I46
αναφερομενη as,I35
αναφερομενη αορτοστεφανιαια παρακαμψη,Z95
αναφερομενη θυρεοειδοπαθεια,E00-E07
αναφερομενου επεισοδιου προκαρδιου βαρους,R07
ανεδειξε βατο stent,Z95
ανεπαρκεια αορτικης,I35
ανεπαρκεια αορτικης βαλβιδας,I35
ανεπαρκεια μετρια προς σοβαρη στενωση αορτικης,I35
ανεπαρκεια μιτροειδους,I34
ανεπαρκεια μιτροειδους βαλβιδας,I34
ανεπαρκεια μιτροειδους βαλβιδος,I34
ανεπαρκεια τριγλωχινας,I07
ανεπαρκεια τριγλωχινας βαλβιδας,I07
ανεπαρκεια τριγλωχινος,I07
ανερευθει στο πατωμα της οικειας του,R55
ανευρυσμα αν αορτης,I71
ανευρυσμα ανιουσας αορτης,I71
ανευρυσμα ανιουσας θωρακικης αορτης,I71
ανευρυσμα ανιουσας θωρακικης αορτης λογω διαχωρισμου,I71
ανευρυσμα ανιουσης αορτης,I71
ανευρυσμα αορτης,I71
ανευρυσμα θωρακικης αορτης,I71|I79
ανευρυσμα κ.αορτης,I71
ανευρυσμα κοιλιακης αορτης,I71|I79
ανευρυσμα κορυφης,I25
ανευρυσματικη διαταση ανιουσας αορτης,I71
ανευρυσματοειδη διαταση της κορυφης,I25
ανευρυσματοειδης διαταση ανιουσης αορτης,I71
ανευρυσματος,I71
ανευρυσματος κοιλιακης αορτης,I71
ανθεκτικη υπερταση,I10
ανθεκτικης υπερτασης,I10
ανιουσα αορτη,I71
αντανακλαση στη ραχη,M54
αντικατασταση aov,Z95
αντικατασταση aov και μv,Z95
αντικατασταση aov με βιολογικη,Z95
αντικατασταση av,Z95
αντικατασταση mv xxxx βιολογικη,Z95
αντικατασταση mv βιολογικη,Z95
αντικατασταση mv προ 2 ετων βιοπροσθετικη,Z95
αντικατασταση αοv με μεταλλικη,Z95
αντικατασταση αορτικη βαλβιδας με μεταλλικη,Z95
αντικατασταση αορτικης βαλβιδας,Z95
αντικατασταση αορτικης βαλβιδας βιολογικη,Z95
αντικατασταση αορτικης βαλβιδας βιοπροσθετικη,Z95
αντικατασταση αορτικης βαλβιδας με βιολογικη,Z95
αντικατασταση αορτικης βαλβιδας με βιοπροσθετικη,Z95
αντικατασταση αορτικης με βιολογικη mitroflow 2,Z95
αντικατασταση βιολογικης aov με μεταλλικη,Z95
αντικατασταση βιολογικης αορτικης βαλβιδος,Z95
αντικατασταση γεννητριας,T82|Z95
αντικατασταση γεννητριας βηματοδοτη,T82
αντικατασταση με βιολογικη προ 15ετιας,Z95
αντικατασταση μιτροειδους βαλβιδος με μεταλλικη,Z95
αντικατασταση μιτροειδους με μεταλλικη,Z95
αντικατασταση ολικης αρθροπλαστικης,Z47
αοr,I35
αοs,I35
αοv με ηπια στενωση,I35
αορτικη βαλβιδα εντονη επασβεστωση. σοβαρου βαθμου στενωση,I35
αορτικη βαλβιδα με μεικτου τυπου βλαβη,I35
αορτικη στενωση,I35
αορτικης βαλβιδας με μειωμενη διανοιξη και ευρηματα σοβαρης στενωσης και ηπιας ανεπαρκειας,I35
αορτικης βαλβιδας σοβαρου βαθμου στενωση,I35
αορτικης βαλβιδος με μειωμενη διανοιξη και ευρηματα συμβατα με σοβαρου βαθμου στενωση και μετρια ανεπαρκεια,I35
αορτικης στενωσεως,I35
αορτικης στενωσης,I35
αορτοστεφανιαια παρακαμψη,Z95
απ,I10
απινιδωτη,Z95
απινιδωτης,Z95
απο,J81
αποκλεισμο αριστερου σκελους,I44
αποκλεισμος αριστερου σκελους,I44
αποορυθμιση κα,I50
απορρ.κ α,I50
απορρυθμιση hfpef,I50
απορρυθμιση hfref,I50
απορρυθμιση δκα,I50
απορρυθμιση κ α,I50
απορρυθμιση κα,I50
απορρυθμιση κα hfpef,I50
απορρυθμιση καρδιακης ανεπαρκειας,I50
απορρυθμιση καρδιακης ανεπαρκειας hfref,I50
απορρυθμιση καρδιακης ανεπαρκειας.,I50
απορρυθμισης ισχαιμικης καρδιακης ανεπαρκειας,I50
απορρυθμισης καρδιακης ανεπαρκειας,I50
απορρυθμισης της κ α,I50
απορυθμιση κα,I50
απορυθμιση καρδιακης ανεπαρκειας,I50
απορυθμισης αρτηριακης πιεσης,I10
αποφρακτικη υπερτροφικη μυοκαρδιοπαθεια,I42
αποφραξη lad εγγυς,I21
απωλεια συνειδησης,R55
απωλεια συνειδησης μ,R55
απωλεια συνειδησης.,R55
απωλειας αισθησεων,R55
απωλειας συνειδησης,R55
αρθρικος πονος,M25
αρθροπλαστικη,Z47|Z96
αρθρωδυνιες,M25
αριστερος προσθιος ημιαποκλεισμος,I44
αρρυθμιες,I49
αρρυθμιογονος δυσπλασια rv,I49
αρρυθμιογονος δυσπλασια δεξιας κοιλιας,I42
αρρυθμιογονου δυσπλασιας αριστερας κοιλιας,I42
αρρυθμιογονου δυσπλασιας δεξιας κοιλιας,I42
αρρυθμιστη α,I10
αρρυθμιστη αρτηριακη πιεση,I10
αρτηρακη υπερταση,I10
αρτηριακη υπερταση,I10
αρτηριακη υποταση,I95
αρτηριακης υπερτασης,I10
αρτηριακης υποτασης,I95
αρχομενο οξυ πνευμονικο οιδημα,J81
αρχομενο πνευμονικο οιδημα,J81
αρχομενου πνευμονικου οιδηματος,J81
ασθμα,J45
ασκιτη,R18
ασκιτης,R18
ασκιτικη συλλογη,R18
ασκιτικης συλλογης,R18
ασταθη ς στηθαγχη,I20
ασταθη στηθαγχη,I20
ασταθης στηθαγχη,I20
ασταθης στηθαχγη,I20
ασταθους στηθαγχης,I20
ασυστολιας,I46
ατελες lbbb,I44
ατελες rbbb,I45
ατελους rbbb,I45
ατυπα επεισοδια προκαρδιου αλγους,R07
ατυπα θωρακικα αλγη,R07
ατυπα θωρακικα ενοχληματα,R07
ατυπα προκαρδια αλγη,R07
ατυπα προκαρδια ενοχληματα,R07
ατυπης θωρακικης δυσφοριας,R07
ατυπο θωρακικο αλγος,R07
ατυπο προκαρδιο αλγος,R07
ατυπου θωρακικου αλγους,R07
ατυπου προκαρδιου αλγους,R07
ατυπων επεισοδιων θωρκικου αλγους,R07
ατυπων θωρακικων ενοχληματων,R07
ατυπων θωρακικων συμπτωματων,R07
αυξημενες αρτηριακες πιεσεις,I10
βαλβιδοπαθεια αορτικης βαλβιδος πιθ. στενωση,I35
βαλβιδοπαθειας mv,I05
βαλβιδοπλαστικη mv,Z95
βαρια αναιμια υποχρωμη μικροκυτταρικη,D50-D64
βαρος στο προκαρδιο,R07
βαρυς υποθυρεοειδισμος,E03
βατα stent με αποφραξη 50 περιφερικα του stent στον lad,Z95
βατο stent,Z95
βηματοδοτ,Z95
βηματοδοτη,Z95
βηματοδοτη ddd r,Z95
βηματοδοτη ddr,Z95
βηματοδοτη micra,Z95
βηματοδοτης,Z95
βηματοδοτης dddr,Z95
βηματοδοτης και ηλεκτροδια,Z95
βηματοδοτικος ρυθμος,Z95
βηχα,R05
βηχας,R05
βιολογικη,Z95
βιολογικη av,Z95
βιολογικη βαλβιδα μιτροειδους,Z95
βιολογικη βαλβιδα στη θεση της αορτικης,Z95
βιοπροσθετικη aov,Z95
βιοπροσθετικη βαλβιδα τριγλωχινας,Z95
βιοπροσθετικης τριγλωχινας βαλβιδας,Z95
βλαβες σε δυο αγγεια,I25
βρ.ασθμα,J45
βραδεια κμ,I48
βραδεια κολπικη μαρμαρυγη,I48
βραδυαρρυθμια,R00
βραδυκαρδια,R00
βραδυκαρδιας,R00
βρογχικο ασθμα,J45
βρογχικου ασθματος,J45
βρογχοσπασμος,J44
γαστρεντερικη αιμορραγια,K92
γαστροραγγιας,K92
γαστρορραγια,K92
γενικευμενη αδυναμια,R53
γενικευμενη αιμωδια,R20
γενικευμενης αδυναμιας,R53
γενικευμενου οιδηματος,R60
γνωστο ay,I10
δ 2,E11
δ λ,E78
δε και αρ καθετηριασμος,Y84
δεικατικης πυρετικης κινησης,R50
δεκατικη πυρετικη κινηση,R50
δεκατικης πυρετικης κινησης,R50
δεξια κα,I50
διαβητικης νευροπαθειας,E11
διαβητικο ποδι,E11
διαδερμικη αγγειοπλαστικη,Z95
διαδερμικη αντικατασταση αορτικης βαλβιδας,Z95
διαδερμικη αντικατασταση αορτικης βαλβιδος,Z95
διαδερμικη εμφυτευση αορτικης βαλβιδας,Z95
διαδερμικη παρεμβαση,Z95
διαδερμικης αντικαταστασης αορτικης βαλβιδας,Z95
διαλειποντος θωρακικου αλγους,R07
διαμεση πνευμονοπαθεια,J84
διαπνοητικη,L74|L75
διαστολικη κα,I50
διαστολικη καρδιακη ανεπαρκεια,I50
διαστολικης καρδιακης ανεπαρκειας,I50
διαταση ανιουσης αορτης,I71
διαταση αορτης,I71|I72
διατατικη κ α,I42
διατατικη κα,I42|I50
διατατικη μκδ,I42
διατατικη μυκορδιοπαθεια,I42
διατατικη μυοκαρδιοπαθεια,I42
διατατικης καρδιακης ανεπαρκειας,I42
διατατικης μκπ,I42
διατατικης μυοκαρδιοπαθειας,I42
διατρηση στομαχου,K92
διαχυτη στεφανιαια νοσος,I25
διδυμιας,I49
διδυμιες,I49
διενεργεια αγγειοπλαστικης στον lad,Z95
διενεργεια αρ και δε καθετηριασμου,Y84
διενεργεια διαδερμικης αντικαταστασης αορτικης βαλβιδας,Z95
διενεργεια στεφανιογραφιας,Y84
διενεργηθηκε c a,Y84
διπλοεστιακος βηματοδοτης,Z95
δκα,I50
δλδ,E78
δλπ,E78
δσλ,E78
δυλ μια,E78
δυσλειτουργια βηματοδοτη,T82
δυσλιπιδαιμια,E78
δυσλιπιδαιμια υπερτριγλυκεριδαιμια,E78
δυσλιπιδαιμιας,E78
δυσλιπιδαμια,E78
δυσνποια,R06
δυσπνοια,R06
δυσπνοια κοπωσης,R06
δυσπνοια με χαρακτηρες ορθοπνοιας,R06
δυσπνοια ορθοπνοια,R06
δυσπνοια σ,R06
δυσπνοιας,R06
δυσπνοιας και ορθοπνοιας,R06
δυσπνοιας κοπωσεως,R06
δυσπνοιας κοπωσης,R06
δυσπνοιας ορθοπνοιας,R06
δυσπνοιας στην ελαχιστη και ορθοπνοια,R06
εγκατεστημενο εμφραγμα μυοκαρδιου κατωτερου τοιχωματος,I21
εδαφος υπερτασικης αιχμης,I10
εικονα ανευρυσματος κορυφης,I25
ειχε νοσηλευθει προ ετους για προσθιο stemi,I25
εκπνευστικος συριγμος,R06
εκπτωση συστολικης λειτουργιας ακ,I50
εκπτωσης επιπεδου επικοινωνιας,R41
εκπτωσης επιπεδου συνειδησης,R40
εκπτωσης συστολικης λειτουργιας ακ,I50
εκς,I49
εκτακτες κοιλιακες,I49
εκτακτες κοιλιακες και κολπικες συστολες,I49
εκτακτες κοιλιακες συστολες,I49
εκτακτες κοιλιακες υπο μορφη ζευγων εως και τριπλετων,I49
εκτακτες κολπικες,I49
εκτακτες κολπικες συστολες,I49
εκτακτες μονομορφες κοιλιακες συστολες,I49
εκτακτες υπερκοιλιακες,I49
εκτακτες υπερκοιλιακες συστολες,I49
εκτακτη κοιλιακη,I49
εκτακτη κοιλιακη συστολη,I49
εκτακτοσυστολικη αρρυθμια,I49
εκτακτοσυστολικη κοιλιακη αρρυθμια,I49
εκτακτοσυστολικης αρρυθμιας,I49
εκφορτιση απινιδωτη,Z95
εκφορτιση του απινιδωτη,Z95
ελεγχος βηματοδοτη,Z46
εμ,I21
εμ 2008,I25
εμ xxxx,I25
εμ xxxx xxx xxx,I25
εμ προ 10 ετιας,I25
εμ προ 10ετιας,I25
εμβολη αρ κατω ακρου,I74
εμβυτευση μονιμου μημ,Z95
εμετο,R11
εμετος,R11
εμετου,R11
εμετους,R11
εμετων,R11
εμμενοντος κολποκοιλιακου αποκλεισμου,I44
εμμενουσα κολπικα μαρμαρυγη,I48
εμμενουσα κολπικη μαρμαρυγη,I48
εμμενουσας κολπικης μαρμαρυγης,I48
εμμενουσας στηθαγχης,I20
εμμετος,R11
εμπυρετη,R50
εμπυρετο,R50
εμπυρετου,R50
εμφ. icd,Z95
εμφραγμα κατωτερου και κατωτεροδιαφραγματικου,I21
εμφραγμα κατωτερου τοιχωματος,I21
εμφραγμα μυοκαρδιου,I21
εμφραγμα του μυοκαρδιου,I21
εμφραγματικη περιοχη,I21
εμφραγματος,I21
εμφραγματος κατωτερου οπισθιου τοιχωματος,I21
εμφραγματος μυοκαρδιου,I21
εμφραγματος μυοκαρδιου κατωτερου τοιχωματος,I21
εμφραγματος προσθιου τοιχωματος,I21
εμφυτευθηκε dddr βηματοδοτης,Z95
εμφυτευθηκε απινιδωτης,Z95
εμφυτευση crt d,Z95
εμφυτευση dddr βηματοδοτη,Z95
εμφυτευση icd,Z95
εμφυτευση vvi,Z95
εμφυτευση απινιδωτη,Z95
εμφυτευση απινιδωτικης συσκευης,Z95
εμφυτευση βηματοδοτη,Z95
εμφυτευση μονιμου vvir βηματοδοτη,Z95
εμφυτευση μονιμου βηματοδοτη,Z95
εμφυτευση μονιμου βηματοδοτη vvir,Z95
εμφυτευση του icd,Z95
εμφυτευσιμος απινιδωτης,Z95
εμφυτευσιμου απινιδωτη,Z95
εν τω βαθει φλεβοθρομβωση,I80
ενδοεγκεφαλικη αιμορραγια,I62
ενδοκαρδιτιδα,I39
ενδοκαρδιτιδα τριγλωχινας και καλωδιων βηματοδοτη,I39
ενταξη σε τν,Z99
ενταξης του στον τν,Z99
ενταχθηκε μονιμα στο νεφρο,Z99
εντονα οιδηματα κατω ακρων,R60
εντονη εκτακτοσυστολικη δραστηριοτητα,I49
εξαντληση γεννητριας,T82
εξαντλησης της γεννητριας του βηματοδοτη,T82
εξωνεφρικης καθαρσης,Z99
εξωνοσοκομειακη ανακοπη ηλεκτρικα αναταχθεισα,I46
εξωτερικη βηματοδοτηση,Z95
επαναστενωση εντος του stent,Z95
επανατοποθετηθηκε προσωρινος βηματοδοτης,Z95
επασβεστωση αορτικης βαλβιδας με καλη διανοιξη και ηπια στενωση,I35
επασβεστωση αορτικης βαλβιδας με μειωμενη διανοιξη και ευρηματα μετριας προς σοβαρης στενωσης,I35
επεισοδια αισθηματος παλμων,R00
επεισοδια αλγους αριστερου βραχιονα ωμου και θωρακα,R07
επεισοδια θωρακικου αλγους,R07
επεισοδια κμ,I48
επεισοδια κμ με αυτοματη αναταξη,I48
επεισοδια κολπικης μαρμαρυγης,I48
επεισοδια υπερκοιλιακης ταχυκαρδιας,I47
επεισοδιο nsvt,I47
επεισοδιο vt,I47
επεισοδιο απωλειας συνειδησης,R55
επεισοδιο αρρυθμιας,I49
επεισοδιο δυσπνοιας,R06
επεισοδιο εμετου,R11
επεισοδιο ζαλης,R42
επεισοδιο θωρακαλγιας,R07
επεισοδιο κοιλιακης ταχυκαρδιας,I47
επεισοδιο κολπικης μαρμαρυγης,I48
επεισοδιο κολπικου πτερυγισμου,I48
επεισοδιο προκαρδιας δυσφοριας,R07
επεισοδιο προκαρδιου αλγους,R07
επεισοδιου αισθηματος παλμων,R00
επεισοδιου απωλειας συνειδησης,R55
επεισοδιου ζαλης,R42
επεισοδιου ζαλης και απωλειας συνειδησης,R55
επεισοδιου ζαλης και πτωσης εξ ιδιου υψους,R42
επεισοδιου ο σ αλγους,R07
επεισοδιων επιγαστραλγιας,R10
επεισοδιων οπισθοστερνικου αλγους,R07
επεισοδιων προκαρδιου αλγους,R07
επεισοδιων στηθαγχικων ενοχληματων,I20
επηρεασμενο κλασμα εξωθησεως,I50
επιγαστραλγια,R10
επιγαστραλγιας,R10
επιγαστρικα ενοχληματα,R10
επιγαστρικο αλγος,R10
επιγαστρικο καυστικο αλγος,R10
επιγαστρικου αλγους,R10
επιγαστρικου πονου καυστικου χαρακτηρα,R10
επιγαστριο αλγος,R10
επιπεδο συνειδησης,R40|R41
επιπλοκες χειρουργειου,T88|Y84
επιπλοκη αναισθησιας,T88
επιπλοκη αναταξης,T88
επιτυχης pci στην rca,Z95
επιτυχης αγγειοπλαστικη,Z95
επιτυχης αγγειοπλαστικη rca,Z95
επιτυχης αγγειοπλαστικη στην rca,Z95
επιτυχους αγγειοπλαστικης,Z95
επιτυχως αγγειοπλαστικη στον lad,Z95
ερυθρωση δερματος,R23
ετεθη holter ρυθμου 24ωρου,Z95
ετεθη μονιμος βηματοδοτης,Z95
ετρια μεικτη βλαβη μιτροειδους,I05
ευκολη κοπωση,R53
ευκολης κοπωσης,R53
εφιδρωσεις,L74|L75|R61
εφιδρωση,R61
εφιδρωσης,R61
ζαλη,R42
ζαλη ασταθεια,R42
ζαλη προλιποθυμικο επεισοδιο,R42
ζαλης,R42
ζαλης προλιποθυμικου επεισοδιου,R42
ζαλης συνοδευομενης απο αιμωδια,R42
ζευγος pvcs,I49
ηfref,I50
ηolter ρυθμου,Z95
ηλεκτρικα αναταχθεισας ανακοπης,I46
ηπατικη νοσος,K76
ηπατικη νοσος σε,K77
ηπατιτιδα,K75
ηπατοπαθεια,K76|K77
ηπια ανεπαρκεια μιτροειδους,I34
ηπια κοπωση,R53
ηπια οιδηματα κατω ακρων,R60
ηπια προς μετρια στενωση,I35
ηπια στενωση αορτικης βαλβιδας,I35
ηπια στενωση αορτικης βαλβιδος,I35
θετ. οικογενειακο ιστορικ,Z82
θετικο κληρονομικο ιστορικο,Z82
θετικο οικογ.ιστορικο,Z82
θετικο οικογενειακο ιστορικ,Z82
θετικο οικογενειακο ιστορικο,Z82
θετικο οικογενειακο ιστορικο για στεφανιαια νοσο,Z82
θετικο οικογενειακο ιστορικο πρωιμης εμφανισης στεφανιαιας νοσου,Z82
θετικο οιογενειακο,Z82
θετικου spect,I21
θετικου κληρονομικου ιστορικου,Z82
θρομβοφιλια,D68
θρομβοφιλια ετεροζυγη μεταλλαξη v leiden και παραγοντα ιι προθρομβινης,D68
θρομβοφιλια κυησης,D68
θρομβοφλεβιτιδα,I80
θρομβοφλεβιτιδα αρ κατω ακρου,I80
θρομβωση δε κατω ακρου,I79
θρομβωση κατω ακρου,I80
θυρεοειδης,E00-E07|E03
θυρεοειδιτδα hashimoto,E00-E07
θυρεοειδιτιδα,E00-E07
θυρεοειδιτιδα hashimoto,E00-E07
θυρεοειδοπαθεια,E00-E07
θυρεοειοδοπαθεια,E00-E07
θωρακαλγια,R07
θωρακαλγιας,R07
θωρακικα αλγη,R07
θωρακικα ενοχληματα κατα τη βαθεια εισπνοη,R07
θωρακικη δυσφορια,R07
θωρακικη δυσφορια κατα την αναπαυση,R07
θωρακικης δυσφοριας,R07
θωρακικο αλγος,R07
θωρακικο αλγος επιδεινουμενο κατα την εισπνοη,R07
θωρακικο αλγος υπο διερευνηση,R07
θωρακικο επιγαστρικο αλγος,R07
θωρακικος πονος,R07
θωρακικου αλγους,R07
θωρακικου αλγους οπισθοστερνικα,R07
θωρακικου αλγους συσφικτικου χαρακτηρα,R07
θωρακικου επιγαστρικου αλγους,R07
θωρακικου πονου,R07
θωρακικων ενοχληματων,R07
ιδιοκοιλιακος ρυθμος,I49
ιλιγγος,R42
ινωση πνευμονα,J84
ισοδυναμο στηθαγχης,I20
ιστορικο tια,G45
ιστορικο πρωιμης σν στην οικογενεια,Z82
ισχ. κ α,I25
ισχ. μυοκαρδιοπαθειας,I25
ισχ.αεε,I64
ισχαιμ. αεε,I64
ισχαιμικη κα,I50
ισχαιμικη καρδιακη ανεπαρκεια,I25|I50
ισχαιμικη καρδιοπαθεια,I25
ισχαιμικη μυοκαρδιοπαθεια,I25
ισχαιμικη μυοκαρδιοπαθεια με μη διατηρημενο κλασμα εξωθησης,I25
ισχαιμικης κ α,I50
ισχαιμικης κα,I25
ισχαιμικης και υπερτασικης καρδιοπαθειας,I11
ισχαιμικης μυοκαρδιοπαθειας,I25
ισχαιμικο αεε,I64
ισχαιμικο εμφρακτο,I21
ισχαιμικου αεε,I64
ισχαιμκη μυοκαρδιοπαθεια,I25
ισχαμικη καρδιακη ανεπαρκεια,I50
κ α,I50
κ α με διατηρημενο κλασμα εξωθησης,I50
κ μ,I48
κ.α,I50
κ.α με χαμηλο κλασμα εξωθησεως,I50
κ.α.,I50
κ.μ,I48
κα,I50
κα hfref,I50
κα με διατηρημενο ef,I50
κα με χαμηλο κλασμα εξωθησης,I50
κα τελικου σταδιου,I50
κακοηθεια μαστου,C00-C97
κακοηθειας,C00-C97
κακοηθεις ταχυαρρυθμιες,I49
κακοηθες νεοπλασμα μαστου,C00-C97
κακοηθους νεοπλασματος κατω χειλους,C00-C97
καλη βατοτητα αγγειων και stent,Z95
καλο αποτελεσμα προηγηθησας pci,Z95
καρδιακη ανακοπη,I46
καρδιακη ανεπαρκεια,I50
καρδιακη ανεπαρκεια hfmref,I50
καρδιακη ανεπαρκεια hfref,I50
καρδιακη ανεπαρκεια απορρυθμιση,I50
καρδιακη ανεπαρκεια με ef 20,I50
καρδιακη ανεπαρκεια με διατηρημενο κλασμα εξωθησεως,I50
καρδιακη ανεπαρκεια με διατηρημενο κλασμα εξωθησης,I50
καρδιακη ανεπαρκεια με μειωμενο κλασμα εξωθησης,I50
καρδιακη ανεπαρκεια με μετρια επηρεασμενο κλασμα εξωθησης,I50
καρδιακη ανεπαρκεια με μη διατηρημενο κλασμα εξωθησης,I50
καρδιακη ανεπαρκεια.,I50
καρδιακη απορρυθμιση,I50
καρδιακη καμψη,I50
καρδιακηανεπαρκεια,I50
καρδιακης ανακοπης,I46
καρδιακης ανεπαρκεια,I50
καρδιακης ανεπαρκειας,I50
καρδιακης ανεπαρκειας με επηρεασμενο κλασμα εξωθησης,I50
καρδιακης ανερπαρκειας,I50
καρδιακης καμψης,I50
καρδιακος βηματοδοτης,Z95
καρδιακου βηματοδοτη,Z95
καρδιακου καθετηριασμου,Y84
καρδιοαναπνευστικης ανακοπης,I46
καρδιογενες shock,R57
καριακη ανεπαρκεια απορρυθμιση,I50
καρκινο παχεος εντερου,C00-C97
καρκινος μαστου,C00-C97
καρκινος παχεος εντερου,C00-C97
καρκινος πνευμονα,C00-C97
καρκινος προστατη,C00-C97
καρκινου παχεος εντερου,C00-C97
καρκινωμα πνευμονα,C00-C97
καρωτιδικη νοσος,I65
καταβολη,R53
καταβολης,R53
κατασπασεις st,I21
κατασπαση st,I21
καταχρηση αλκοολ,Z72
καταχρηση ναρκωτικων ουσιων,Z72
κατωτερο stemi,I25
κατωτερο οεμ,I21
κατωτερου stemi,I21
καυσαλγιας στο προσθιο θωρακικο τοιχωμα,R07
καυστικο αλγος,R07
καυστικου θωρακικου επιγαστρικου αλγους,R07
κεφαλαλγια,R51
κεφαλαλγιας,R51
κιρρωση,K76
κιρρωση ηπατος,K74|K76
κκα,I44
κκα 1ου βαθμου,I44
κκα 2 1,I44
κκα 2ου βαθμου,I44
κκα 2ου βαθμου 2 1,I44
κκα 2ου βαθμου mobitz ii,I44
κκα 2ου βαθμου μobitz 1,I44
κκα διαλειπων πληρης,I44
κκα πληρης,I44
κκα πρωτου βαθμου,I44
κμ,I48
κμ και κολπικου πτερυγισμου,I48
κμ με καλη κοιλιακη ανταποκριση,I48
κοιλιακες διδυμιες,I49
κοιλιακες εκακτοσυστολες,I49
κοιλιακες εκτακτες,I49
κοιλιακες και υπερκοιλιακες εκτακτες,I49
κοιλιακες συστολες,I49
κοιλιακη βηματοδοτηση,Z95
κοιλιακη διδυμια,I49
κοιλιακη δυσφορια,R10
κοιλιακη εκτακτη,I49
κοιλιακη μαρμαρυγη,I49
κοιλιακη ταχυκαρδια,I47
κοιλιακης διατασης,R18
κοιλιακης διδυμιας,I49
κοιλιακης διδυμιας κοιλιακης τεριδυμιας,I49
κοιλιακης μαρμαρυγης,I49
κοιλιακης ταχυκαρδιας,I47
κοιλιακο αλγος,R10
κοιλιακο αλγος υπο διερευνηση,R10
κοιλιακου αλγους,R10
κοιλιακου και θωρακικου αλγους,R10
κοιλιογραφια,Y84
κολοποκοιλιακος αποκλεισμος 2 1,I44
κολπικη μαρμαρυγη,I48
κολπικη μαρμαρυγη αγνωστης εναρξης,I48
κολπικη μαρμαρυγη αγνωστου εναρξεως εμμενουσα,I48
κολπικη μαρμαρυγη εμμενουσα,I48
κολπικη ταχυκαρδια,I47
κολπικη του μαρμαρυγη,I48
κολπικης μαρμαρυγης,I48
κολπικης μαρμαρυγης και κολπικου πτερυγισμου,I48
κολπικης ταχυκαρδιας,I48
κολπικο πτερυγισμο,I48
κολπικο πτερυγισμος,I48
κολπικος πτερυγισμος,I48
κολπικος πτερυγισμος 2 1,I48
κολπικου πτερυγισμου,I48
κολποκοιλιακη βηματοδοτηση,Z95
κολποκοιλιακη επικοινωνια,Q24
κολποκοιλιακο αποκλεισμο 2 1,I44
κολποκοιλιακος αποκελισμος 2 1,I44
κολποκοιλιακος αποκλεισμος,I44
κολποκοιλιακος αποκλεισμος 1ου βαθμου,I44
κολποκοιλιακος αποκλεισμος 2 1,I44
κολποκοιλιακος αποκλεισμος 2 1 mobitz ii,I44
κολποκοιλιακος αποκλεισμος 2oυ βαθμου,I44
κολποκοιλιακος αποκλεισμος 2ου βαθμου 2 1,I44
κολποκοιλιακος αποκλεισμος 2ου βαθμου mobitz ii,I44
κολποκοιλιακος αποκλεισμος δευτερου βαθμου 2 1,I44
κολποκοιλιακος αποκλεισμος δευτερου βαθμου mobitz ii,I44
κολποκοιλιακος αποκλεισμος πρωτου βαθμου,I44
κολποκοιλιακος αποκλεισμος πρωτου βαθμου.,I44
κολποκοιλιακου αποκλεισμου,I44
κολποκοιλιακου αποκλεισμου 2 1,I44
κοπωση,R53
κοπωσης,R53
κυανωση,R23
κυστικα μορφωματα ηπατος,K77
κχμ,I48
λειομυωματα,N93
λεμφωμα hodgkin,C00-C97
ληθαργικης καταστασης,R41
λιποθυμικα επεισοδια,R55
λιποθυμικο,R55
λιποθυμικο επεισοδιο,R55
λιποθυμικου επεισοδιου,R55
λιποθυμικου επεισοδιου με πτωση,R55
λιποθυμικων επεισοδιων,R55
λοιμωδης παροξυνση χαπ,J44
λοιμωδους παροξυνσης χαπ,J44
λοιμωξεως κατωτερου αναπνευστικου,J22
λοιμωξη αναπνευστικου,J22
λοιμωξη αναπνευστικου συστηματος,J22
λοιμωξη κατωτερου αναπνευστικου,J22
μov μεταλλικη βαλβιδα,Z95
μεικτη βλαβη miv,I05
μεικτη βλαβη αορτικης,I35
μεικτη βλαβη αορτικης βαλβιδας,I35
μεικτη βλαβη μιτροειδους,I05
μεικτη υπερλιπιδαιμια,E78
μεικτης υπερλιπιδαιμιας,E78
μειωμενη ικανοτητα προς κοπωση,R53
μειωμενη συστολικη αποδοση με χαμηλο κλασμα εξωθησεως,I50
μειωμενης ικανοτητας στην κοπωση,R53
μελαινες κενωσεις,K92
μεσογειακης αναιμιας,D50-D64
μεταλλικη,Z95
μεταλλικη aov,Z95
μεταλλικη aov mv,Z95
μεταλλικη mv,Z95
μεταλλικη αοv,Z95
μεταλλικη βαλβιδα,Z95
μεταλλικη βαλβιδα στην θεση της αορτικης,Z95
μεταλλικη σε θεση aov,Z95
μεταλλικης μιτροειδους βαλβιδας,Z95
μεταλλικων βαλβιδων,Z95
μεταστατικο ca στομαχου,C00-C97
μετεμφραγματικη στηθαγχη,I20
μετρια aos,I35
μετρια προς σοβαρη στενωση αορτικης,I35
μετρια σοβαρη aos,I35
μετρια στενωση αορτικης,I35
μετρια στενωση ηπια ανεπαρκεια αορτικης βαλβιδας,I35
μετρια τενωση μιτροειδους,I05
μετριας βαρυτητας ανεπαρκεια μιτροειδους,I34
μετριου βαθμου αποφραξη σε lvot,I42
μετριου βαθμου στενωση rca,Z95
μετριου βαθμου στενωση αορτικης βαλβιδας,I35
μετριου βαθμου στενωση μιτροειδους βαλβιδας,I05
μη διατηρημενο κλασμα εξωθησεως,I50
μη εμμενουσας κοιλιακης ταχυκαρδιας,I47
μηχανικης βαλβιδας,Z95
μικρη mr,I34
μικτη βλαβη mv,I05
μικτη βλαβη mv μετρια στενωση ανεπαρκεια μιτροειδους βαλβιδας,I05
μικτη βλαβη αορτικης,I35
μικτη βλαβη αορτικης βαλβιδας,I35
μικτη βλαβη μιτροειδους βαλβιδας με μετρια στενωση και μετρια ανεπαρκεια,I05
μιτροειδης με μετρια προς σοβαρη ανεπαρκεια,I34
μιτροειδης στενωση,I05
μιτροειδικου δακτυλιου κυριως οπισθιας γλωχινας με ελαττωμενη διανοιξη και ευρηματα συμβατα με μετρια στενωση mva 1 2 cm2 και ηπια ανεπαρκεια,I05
μιτροειδους με μετριου βαθμου ανεπαρκεια,I34
μοναδα αιμοκαθαρσης,Z99
μονηρεις κοιλιακες εκτακτες,I49
μονηρης εκτακτη κοιλιακη συστολη,I49
μονιμη κολπικη μαρμαρυγη,I48
μονιμο βηματοδοτη,Z95
μονιμος ddd βηματοδοτης,Z95
μονιμος dddr βηματοδοτης,Z95
μονιμος απινιδωτης,Z95
μονιμος βηματοδοτης,Z95
μονιμος βηματοδοτης ddd,Z95
μονιμος βηματοδοτης dddr,Z95
μονιμος βηματοδοτης vdd,Z95
μονιμος βηματοδοτης vvir,Z95
μονιμος κολπικος πτερυγισμος,I48
μονιμου ddd βηματοδοτη,Z95
μονιμου βηματοδοτη,Z95
μονιμου βηματοδοτη vvi,Z95
μυικης αδυναμιας,R53
μυοκαρδιακης ισχαιμιας,I21|I25
μυοκαρδιοπαθεια takotsubo,I42
μυοκαρδιοπαθειας takotsubo,I42
μυοκαρδιτιδα,I41
μυοκαρδιτιδας,I41
μφυτευση μονιμου βηματοδοτη,Z95
ν stemi,I21
ν. αδαμαντιαδη behcet,M30-M36
νon stemi,I21
νstemi,I21
ναυτια,R11
ναυτια και εμετους,R11
ναυτια και εφιδρωση,R11
ναυτιας,R11
ναυτιας εμετων,R11
νεα στεφανιογραφια,Y84
νευρογενης συγκοπη,R55
νεφρικη ανεπαρκεια,N18
νεφρικη ανεπαρκεια τελικου σταδιου,N18
νεφρικης ανεπαρκειας,N17
νοσηλεια xxx xx xx xxxx xx xx xxxx λογω νstemi,I25
νοσο 1 αγγειου,I25
νοσο 2 αγγειων,I25
νοσο 3 αγγειων,I25
νοσο lad,I25
νοσο δυο αγγειων,I25
νοσο στελεχους και τριων αγγειων,I25
νοσο τριων αγγειων,I25
νοσογονος παχυσαρκια,E65-E68
νοσος,I25
νοσος 1 αγγειου,I25
νοσος 2 αγγειων,I25
νοσος 3 αγγειων,I25
νοσος δυο αγγειων,I25
νοσος στελεχους και 3 αγγεια,I25
νοσος τριων αγγειων,I25
νοσος φλεβοκομβου,I49
νοσου 3 αγγειων,I25
νοσου τριων αγγειων,I25
νυγμωδη αλγη,R07
νυγμωδη αλγη αριστερου ημιθωρακιου,R07
νυγμωδους αλγους,R07
νυχτερινη παροξ. δυσπνοια,R06
ο σ αλγος,R07
ο σ αλγους,R07
ο.π.ο,J81
οεμ,I21
οεμ 1997 2002 2013,I25
οεμ 2012,I25
οεμ 2017,I25
οεμ pci 2012,I25
οεμ κατω τοιχωματος,I21
οεμ κατωτερο,I21
οεμ κατωτερου τοιχωματος,I21
οεμ με στεφανιογραφια προ 4 ετιας,I25
οεμ νstemi,I21
οεμ προ 5 ετιας,I25
οεμ προ τριετιας,I25
οεμ προσθιοδιαφραγματικο,I21
οεμ προσθιου τοιχωματος,I21
οεμ προσθιου τοιχωματος θρομβολυθεν,I21
οεμ το xxxx,I25
οιδημα ανα σαρκα,R60
οιδημα δεξιων σφυρων,R60
οιδημα οσχεου,R60
οιδημα σκελων,R60
οιδημα σφυρων,R60
οιδημα σφυρων και κνημων,R60
οιδηματα,R60
οιδηματα ακρων,R60
οιδηματα ανα σαρκα,R60
οιδηματα κατω ακρω,R60
οιδηματα κατω ακρων,R60
οιδηματα κατω ακρων αμφω,R60
οιδηματα κατω ακρων και οσφυος,R60
οιδηματα σκελων,R60
οιδηματα σκελων ραχης,R60
οιδηματα σφυρων,R60
οιδηματα σφυρων κατω ημιμοριου κορμου,R60
οιδηματος ανα σαρκα,R60
οιδηματωδη κατω ακρα,R60
οιδηματων,R60
οιδηματων ανα σαρκα,R60
οιδηματων κατω ακρου,R60
οιδηματων κατω ακρων,R60
οιδηματων κατων ακρων,R60
οιδηματων σκελων,R60
οιδηματων στα κατω ακρα,R60
οιδηματων σφυρων,R60
οιδηματων των κατω ακρων,R60
οικογ ιστορικο,Z82
οικογενειακο ιστορικο,Z82
οικογενειακο ιστορικο για στεφανιαια νοσο θετικο,Z82
ολικη αρθροπλαστικη ισχιου,Y83|Z96
ολικη κα hfref,I50
ολικη καρδιακη ανεπαρκεια,I50
ολλ,C00-C97
ονα,N17
ονβ,N17
οξεια δυσπνοια,R06
οξεια νεφρικη ανεπαρκεια,N17
οξεια νεφρικη βλαβη,N17
οξεια νεφρικη βλαβη αποφρακτικης αιτιολογιας,N17
οξεια περικαρδιτιδα,I30
οξειας δυσπνοιας,R06
οξειας νεφρικης ανεπαρκειας,N17
οξειας νεφρικης βλαβης,N17
οξειας περικαρδιτιδας,I30
οξεος εμφραγματος μυοκαρδιου,I21
οξεος θωρακικου αλγους,R07
οξεος πνευμονικου οιδηματος,J81
οξεος στεφανιαιου συνδρομου,I21
οξεως εμφραγματος του μυοκαρδιου,I21
οξεως πνευμονικοι οιδηματος,J81
οξεως πνευμονικου οιδηματος,J81
οξεως στεφανιαιου επεισοδιου,I21
οξεως στεφανιαιου συνδρομου,I21
οξυ διατοιχωματικο εμφραγμα κατωτερου τοιχωματος,I21
οξυ διατοιχωματικο εμφραγμα μυοκαρδιου,I21
οξυ διατοιχωματικο εμφραγμα του μυοκαρδιου,I21
οξυ εμφραγα μυοκαρδιου,I21
οξυ εμφραγμα κατω μυοκαρδιακου τοιχωματος με ανασπαση st,I21
οξυ εμφραγμα κατωτερου μυοκαρδιακου τοιχωματος,I21
οξυ εμφραγμα κατωτερου μυοκαρδιακου τοιχωματος με ανασπαση st,I21
οξυ εμφραγμα μυοκαρδιου,I21
οξυ εμφραγμα μυοκαρδιου nstemi,I21
οξυ εμφραγμα μυοκαρδιου stemi κατωτερου τοιχωματος,I21
οξυ εμφραγμα μυοκαρδιου κατωτερου οπισθιου τοιχωματος,I21
οξυ εμφραγμα μυοκαρδιου με ανασπαση st,I21
οξυ εμφραγμα μυοκαρδιου προσθιου τοιχωματος,I21
οξυ εμφραγμα μυοκαρδιου χωρις ανασπαση st,I21
οξυ εμφραγμα πλαγιου μυοκαρδιακου τοιχωματος με ανασπαση st,I21
οξυ εμφραγμα προσθιου μυοκαρδιακου τοιχωματος,I21
οξυ εμφραγμα προσθιου μυοκαρδιακου τοιχωματος με ανασπαση st,I21
οξυ εμφραγμα προσθιου μυοκαρδιακου τοιχωματος με παροδικη ανασπαση st,I21
οξυ εμφραγμα προσθιου πλαγιου μυοκαρδιακου τοιχωματος,I21
οξυ εμφραγμα το μυοκαρδιου,I21
οξυ εμφραγμα του μυοκαρδιου,I21
οξυ εμφραγμα του μυοκαρδιου nstemi,I21
οξυ εμφραγμα του μυοκαρδιου κατωτερου τοιχωματος,I21
οξυ εμφραγμα του μυοκαρδιου οπισθιου τοιχωματος,I21
οξυ εμφραγμα του μυοκαρδιου προσθιου τοιχωματος,I21
οξυ πνευμονικο οιδημα,I50|J81
οξυ πνευμονικο οιδημα.,J81
οξυ προκαρδιο αλγος,R07
οξυ στεφαναιο σ,I21
οξυ στεφανιαια συνδρομο,I21
οξυ στεφανιαιο σ,I21
οξυ στεφανιαιο συνδρομο,I20|I21|I22|I24
οξυ στεφανιαιο συνδρομο nstemi,I21
οξυ υπενδοκαρδιο εμφραγμα του μυοκαρδιου,I21
οοισθοστερνικου αλγους,R07
οπισθ.αλγους,R07
οπισθιο stemi,I21
οπισθοστερνικα αλγη,R07
οπισθοστερνικη δυσφορια,R07
οπισθοστερνικης δυσφοριας,R07
οπισθοστερνικο αλγος,R07
οπισθοστερνικο αλγος διαρκειας 20 30min,R07
οπισθοστερνικο αλγος συσφιγκτικου χαρακτηρα,R07
οπισθοστερνικο αλγους,R07
οπισθοστερνικο βαρος,R07
οπισθοστερνικο καυσος,R07
οπισθοστερνικου αλγους,R07
οπισθοστερνικου αλγους συσφικτικου τυπου,R07
οπισθοστερνικου βαρους,R07
οπισθοστερνικου καυσου,R07
οπισθοστερνικου καυσου προκαρδιου αλγους,R07
οπισθοστερνικου καυσους,R07
οπισθοστερνικου καυστικου αλγους,R07
οπισθοστερνικου πονου,R07
οπισθοστερνικου συσφιγκτικου αλγους με αντανακλαση στην μεσοωμοπλατιαια περιοχη,R07
οπισθοστερνικου συσφικτικου αλγους,R07
οπισθστερνικο αλγος,R07
οπισθστερνικου συσφικτικου αλγους,R07
οπο,J81
ορθοκυτταρικη αναιμια,D50-D64
ορθοπαιδικη επεμβαση,Y83
ορθοπνοια,R06
ορθοπνοιας,R06
ορθοστατικη υποταση,I95
οσς,I20|I21|I22|I24
οσς minoca,I24
οστεοαρθριτιδα,M30-M36
οσφυαλγια,M54
οσφυαλγιας,M54
π εμ,I25
π. αεε,I64
π. οεμ,I25
π.cabg,Z95
π.αεε,G45|I64
π.ε,I26
π.εμ,I21|I25
π.οεμ,I21|I25
πcabg,Z95
πpci,Z95
πααροξυντικη κολπικη μαρμαρυγη,I48
παλ. pci,Z95
παλαια cabg,Z95
παλαια pci,Z95
παλαια pci rca,Z95
παλαια pcix2,Z95
παλαια αγγειοπλαστικη,Z95
παλαια αεε,I64
παλαια εμφραγματα μυοκαρδιου,I25
παλαια π.ε,I26
παλαια πολλαπλα αεε,I64
παλαιες pci,Z95
παλαιο cabg,Z95
παλαιο cabg x3,Z95
παλαιο nstemi,I25
παλαιο αεε,I64
παλαιο ε,I21|I25
παλαιο εμ,I25
παλαιο εμφαργμα,I25
παλαιο εμφραγμα μυοκαρδιου,I25
παλαιο εμφραγμα μυοκαρδιου xxxx,I25
παλαιο κατωτερο stemi,I25
παλαιο κατωτερο οεμ,I25
παλαιο οεμ,I25
παλαιο προσθιο stemi,I25
παλαιου stent,Z95
παλια εμ,I25
παλιο εμφραγμα,I21
παρ. κολπικη μαρμαρυγη,I48
παρ.κολπικος πτερυγισμος,I48
παραγοντας v leiden,D68
παραγωγικου βηχα,R05
παραταση εκπνοης αμφω,R06
παρελθον για οεμ,I25
παριξυσμικη κμ,I48
παροδικο αεε,G45
παροδικο ισχαιμικο αεε,G45
παροδικο ισχαιμικο επεισοδιο,G45
παροξ. af,I48
παροξ. κ μ,I48
παροξ. κμ,I48
παροξ. κολπικη μαρμαρυγη,I48
παροξ. κολπικης μαρμαρυγης,I48
παροξυνση χαπ,J44
παροξυντικη κμ,I48
παροξυντικη κολπικη μαρμαρυγη,I48
παροξυντικος κολπικος πτερυγισμος,I48
παροξυσμικoς κολπικος πτερυγισμος,I48
παροξυσμικη κολπικη μαρμαρυγ,I48
παροξυσμικη κολπικη μαρμαρυγη,I48
παροξυσμικη κοπλικη μαρμαρυγη,I48
παροξυσμικης κολπικης μαρμαρυγης,I48
παροξυσμικος κολπικος πτερυγισμος,I48
παροξυσμος κολπικης μαρμαρυγης,I48
παρουσια βηματοδοτη,Z95
παρουσια καρδιακου βηματοδοτη,Z95
παρουσια μονιμου βηματοδοτη,Z95
παχυσαρκια,E65-E68
πε,I26
πεμ,I21|I25
πεμ κατωτερο,I25
πενυμονικου οιδηματος,J81
περικαρδιακη συλλογη,I30
περικαρδιου αλγους,R07
περικαρδιτιδα,I30
περικαρδιτιδας,I30
περικαρδιτις,I30
περιοριστικη μυοκαρδιοπαθεια,I42
περιοριστικη μυοκαρδιοπαθεια.,I42
περιφερικα οιδηματα,R60
περιφερικη αγγειοπαθεια,I79
περιφερικων οιδηματων,R60
πιθ οεμ xxxx,I25
πιθανη μυοκαρδιτιδα,I41
πιθανο προσφατο nstemi,I21|I22
πκκα,I44
πκμ,I48
πλαστικη μιτροειδους προσθετικος δακτυλιος τριγλωχινας,Z95
πλευριτικο αλγος,R09
πληρες a v block,I44
πληρη αποφραξη la,I21
πληρη απωλεια συνειδησης,R55
πληρη κκ αποκλεισμου,I44
πληρη κκα,I44
πληρη κολποκοιλιακο αποκλεισμο,I44
πληρη κολποκοιλιακου αποκλεισμου,I44
πληρης κκα,I44
πληρης κολποκοιλιακος αποκλεισμος,I44
πληρους κκα,I44
πληρους κολποκοιλιακου αποκλεισμου,I44
πνευμονικα οιδηματα,J81
πνευμονικη εμβολη,I26
πνευμονικη εμβολης,I26
πνευμονικη ινωση,J84
πνευμονικη συμφορηση,J81
πνευμονικη υπερτασ,I27
πνευμονικη υπερταση,I27
πνευμονικης εμβολης,I26
πνευμονικης υπερτασης,I27
πνευμονικο οιδημα,J81
πνευμονικο οιδημα σε εδαφος κα,I50|J81
πνευμονικου οιδηματος,J81
ποεμ,I25
πολλαπλο μυελωμα,C00-C97
πολυβαλβιδικη νοσος,I08
πολυεστιακες εκς,I49
πολυκυτταραιμια,D47
πολυοζωδης βρογχοκηλη,E00-E07|E03
πονου,R07
πονου ενιοτε με ατυπους χαρακτηρες πχ νυγμωδεις,R07
πορισμα αγγειοπλαστικης στεφανιογραφιας,Z95
προ λιποθυμικων επεισοδιων,R55
προγραμματισμος βηματοδοτη,Z46
προηγουμενο εμ,I25
προκαδιο αλγος,R07
προκαδριο αλγος,R07
προκαρδι ο αλγος,R07
προκαρδια αλγη,R07
προκαρδια δυσφορια,R07
προκαρδια δυσφορια με αντανακλαση στη ραχη,R07
προκαρδιας δυσφοριας,R07
προκαρδιας και επιγαστρικης δυσφοριας,R07
προκαρδιο αλγος,R07
προκαρδιο αλγος απο 3ημερου συσφικτικο με αντανακλαση στον αρ αγκωνα,R07
προκαρδιο αλγος σε ελαχιστη κοπωση,R07
προκαρδιο αλγος στη βαθεια εισπνοη,R07
προκαρδιο αλγος στην κοπωση,R07
προκαρδιο αλγος συσφιγκτικου χαρακτηρα με επεκταση στον τραχηλο αντανακλαση στο αρ ανω ακρο,R07
προκαρδιο αλγους,R07
προκαρδιο δυσφορια,R07
προκαρδιο συσφιγκτικο αλγος,R07
προκαρδιο συσφικτικο αλγος,R07
προκαρδιος δυσφορια,R07
προκαρδιου αλγος,R07
προκαρδιου αλγους,R07
προκαρδιου αλγους με αντανακλαση στη μεσοωμοπλατιαια περιοχη,R07
προκαρδιου αλγους οπισθοστερνικα,R07
προκαρδιου αλγους στην κοπωση,R07
προκαρδιου αλγους συσφιγκτικου χαρακτηρα,R07
προκαρδιου δυσφοριας,R07
προκαρδιου καυσους,R07
προκαρδιου καυστικου αλγους,R07
προκαρδιου συσφιγκτικου αλγους,R07
προκαρδιου συσφικτικου αλγους,R07
προκαρδιου συσφκιγκτικου αλγους,R07
προκαριο αλγους,R07
προλιποθυμικο επεισοδιο,R42|R55
προλιποθυμικου επεισοδιου,R55
προλιποθυμικων επεισοδιων,R55
προνεφρικης αιτιολογιας οξεια νεφρικη ανεπαρκεια,N17
προσθετικη αορτικη βαλβιδα,Z95
προσθετικη αορτικη βαλβιδα βιολογικη,Z95
προσθετικη βαλβιδα,Z95
προσθετικη βαλβιδα στην θεση της μιτροειδους,Z95
προσθετικη βιολογικη αορτικη βαλβιδα,Z95
προσθετικη μιτροειδης βαλβιδα μεταλλικη,Z95
προσθιο stemi,I21
προσθιο stemi πρωτογενης pci lad 6 2018,I25
προσθιο εμφραγμα του μυοκαρδιου,I21
προσθιο οεμ,I21
προσθιου εμ,I21
προσθιου εμφραγματος,I21
προσθιου θρομβολυμενου οεμ,I21
προσθιου θωρακικου αλγους,R07
προσθιου οεμ,I21
προσυγκοπικο επεισοδιο,R55
προσφατο nstemi,I25
προσφατο εμφραγμα,I21|I22
προσφστο stemi προσθιου τοιχωματος,I22
προσωρινη βηματοδοτηση,Z95
προσωρινη βηματοδοτητση,Z95
προσωρινο βηματοδοτη,Z95
προσωρινος βηματοδοτης,Z95
προσωρινος διαδερμικος βηματοδοτης,Z95
προσωρινος διαφλεβιος βηματοδοτης,Z95
προσωρινου βηματοδοτη,Z95
προχωρημενη καρδιακη ανεπαρκεια απορρυθμιση hfref,I50
πρωτογενη αγγειοπλαστικη,Z95
πρωτογενης αγγειοπλαστικη,Z95
πρωτογενης αγγειοπλαστικη στην rca,Z95
πρωτογενης αγγειοπλαστικη στον lad,Z95
πρωτογενους αγγειοπλαστικης,Z95
πρωτοδιαγνωσθεισα αναιμια,D50-D64
πρωτοδιαγνωσθεισα κα με επηρεασμενο κε,I50
πρωτοδιαγνωσθεισας αναιμιας,D50-D64
πρωτοεμφανιζομενη κμ,I48
πρωτου βαθμου κολποκοιλιακος αποκλεισμος,I44
πτερυγισμου,I48
πτερυγισμου και κολπικης μαρμαρυγης,I48
πτωση εξ ιδιου υψους,R55
πτωση επιπεδου συνειδησης,R40|R41
πτωση στο εδαφος εξ ιδιου υψους,R55
πτωσης εξ ιδιου υψους,R55
πτωσης επιπεδου συνειδησης,R41
πτωσης της αρτηριακης πιεσεως,I95
πυρετικα κυματα,R50
πυρετικη κινηση,R50
πυρετικο κυμα,R50
πυρετικων κυματων,R50
πυρετος,R50
ραχιαλγια,M54
ραχιαλγιας,M54
ρβββ,I45
ρευματικη βαλβιδοπαθεια,I08
ρευματικη εμφανιση μιτροειδους με doming γλωχινων και ευρηματα ηπιας στενωσης mva 2 1 cm2 και μετριας ανεπαρκειας,I05
ρευματικη μεικτη βλαβη μιτροειδους,I05
ρευματικη πολυμυαλγια,M30-M36
ρευματικος πυρετος,I08
ρευματοειδης αρθριτιδα,M05
ρτηριακη υπερταση,I10
ρυθμιση βηματοδοτη,Z46
σ δ,E11
σ ν,I25
σ νοσος,I25
σ σ,I25
σ.ν,I25
σ.νοσο 2 αγγειων,I25
σ.νοσος,I25
σακχαρ. διαβητης,E11
σακχαρο,E11
σακχαρου,E11
σακχαρωδη διαβητη,E11
σακχαρωδης διαβητη,E11
σακχαρωδης διαβητης,E11
σακχαρωδης διαβητης 2,E11
σακχαρωδης διαβητης ιι,E11
σακχαρωδης διαβητης τ. ιι,E11
σακχαρωδης διαβητης τυπου 1,E10
σακχαρωδης διαβητης τυπου 2,E11
σακχαρωδης διαβητης τυπου ι,E10
σακχαρωδης διαβητης τυπου ιι,E11
σακχαρωδης διαβητης τυπουιι,E11
σακχαρωδης διαβητης υπο δισκια,E11
σακχαρωδους διαβητη,E10
σαρκοειδωση,M35
σαρκωμα kaposi κατω ακρων,C00-C97
σδ,E11
σδ 2,E11
σδ ι,E10
σδ ιι,E11
σδ τυπου ι,E10
σδ υπο δισκια,E11
σδ υπο ινσουλινη,E11
σδ2,E11
σδιι,E11
σδτ ιι,E11
σδτ2,E11
σδτιι,E11
σελ,M32
σιδηροπενικη αναιμια,D50-D64
σκληροδερμα,M34
σμ,I25
σν,I25
σν 1 αγγειου,I25
σν 2 αγγειων,I25
σν 3 αγγειων,I25
σν pci 20,I25
σοβαρα οιδηματα κατω ακρων,R60
σοβαρη aos,I35
σοβαρη aos με μικρη ar,I35
σοβαρη as,I35
σοβαρη mr,I34
σοβαρη tr,I07
σοβαρη ανεπαρκεια μιτροειδους,I34
σοβαρη ανεπαρκεια τριγλωχινας,I07
σοβαρη αορτικη στενωση,I35
σοβαρη νοσος lad,I25
σοβαρη στενωση aov,I35
σοβαρη στενωση mv,I05
σοβαρη στενωση αορτικης,I35
σοβαρη στενωση αορτικης βαλβιδας,I35
σοβαρη στενωση αορτικης βαλβιδος,I35
σοβαρη στεφανιαια νοσος,I25
σοβαρης as,I35
σοβαρης στενωσεως αορτικης βαλβιδος,I35
σοβαρλη ανεπαρκεια μιτροειδους,I34
σοβαρου βαθμου ανεπαρκεια μιτροειδους,I34
σοβαρου βαθμου αορτικη στενωση,I35
σοβαρου βαθμου στενωση aov,I35
σοβαρου βαθμου στενωση αορτικης,I35
σοβαρου βαθμου στενωση αορτικης βαλβιδας,I35
σταθερη στεφανιαια νοσος,I25
σταφανιογραφιας,Z95
σταφανιογραφικος ελεγχος,Y84
στεαφανιαια νοσος στελεχους και 3 αγγειω,I25
στενωση 80,I25
στενωση aov,I35
στενωση aov ava 0 8 cm 2 . ηπια ar,I35
στενωση av,I35
στενωση lad,Z95
στενωση mv,I05
στενωση αοv,I35
στενωση αορτικης,I35
στενωση αορτικης βαλβιδα,I35
στενωση αορτικης βαλβιδας,I35
στενωση αορτικης βαλβιδας και μετρια ανεπαρκεια αυτης,I35
στενωση αορτικης βαλβιδας και μετριου βαθμου ανεπαρκεια αυτης,I35
στενωση αορτικης βαλβιδας σοβαρου βαθμου,I35
στενωση αορτικης βαλβιδος,I35
στενωση αορτικης. μετριου βαθμου,I35
στενωση καρωτιδων,I65
στενωση κοινης καρωτιδας,I65
στενωση μιτροειδους,I05
στενωση μιτροειδους βαλβιδας,I05
στενωση πνευμονικης αρτηριας,I37
στενωση στην δεξια στεφανιαια αρτηρια,I25
στενωση στο lad,Z95
στενωση στον lad,I25
στενωση της αορτικης βαλβιδας,I35
στενωσης aov,I35
στενωσης αορτικης,I35
στενωσης αορτικης βαλβιδας,I35
στενωσης αορτικης βαλβιδος,I35
στερνικο αλγος,R07
στεφ φια,Y84
στεφ φιας,Y84
στεφ. νοσος 3 αγγειων,I25
στεφανιαια αγγειογραφια,Y84
στεφανιαια αγγειογραφια αγγειοπλαστικη,Z95
στεφανιαια μοναδα,I25
στεφανιαια νοσο,I25
στεφανιαια νοσο 2 αγγειων και κλαδων,I25
στεφανιαια νοσο 3 αγγειων,I25
στεφανιαια νοσο δυο αγγειων,I25
στεφανιαια νοσο τριων αγγειων,I25
στεφανιαια νοσος,I25
στεφανιαια νοσος 1 αγγειου,I25
στεφανιαια νοσος 1αγγειου,I25
στεφανιαια νοσος 2 αγγειων,I25
στεφανιαια νοσος 3 αγγειων,I25
στεφανιαια νοσος δυο αγγειων,I25
στεφανιαια νοσος ενος αγγειου,I25
στεφανιαια νοσος στελεχους,I25
στεφανιαια νοσος τριων αγγειω,I25
στεφανιαια νοσος τριων αγγειων,I25
στεφανιαια νοσος.,I25
στεφανιαια νοσου,I25
στεφανιαιας αγγειογραφιας,Z95
στεφανιαιας νοσου,I25
στεφανιαιας νοσου τριων αγγειων,I25
στεφανιαιο stent,I25|Z95
στεφανιαιογραφιας,Z95
στεφανιογραγικο ελεγχο,Y84
στεφανιογραγικος ελεγχος,Y84
στεφανιογραφι,Z95
στεφανιογραφια,Y84
στεφανιογραφια αγγειοπλαστικη,Z95
στεφανιογραφια με φυσιολογικα αγγεια,Y84
στεφανιογραφιας,Y84
στεφανιογραφικο,Z95
στεφανιογραφικο ελεγχ,Y84
στεφανιογραφικο ελεγχο,Y84
στεφανιογραφικο ελεγχος,Y84
στεφανιογραφικος ελεγχος,Y84
στεφανιογραφικου ελεγχου,Y84
στεφανιοραφικο ελεγχο,Y84
στεφανιοφραφικος ελεγχος,Y84
στεφσνιαια νοσος,I25
στηθαγχη,I20
στηθαγχη κοπωσης,I20
στηθαγχη προσπαθειας,I20
στηθαγχης,I20
στηθαγχης στην ελαχιστη κοπωση,I20
στηθαγχικα ενοχληματα,I20|R07
στηθαγχικα επεισοδια,I20
στηθαγχικου αλγους,I20
στηθαγχικων ενοχληματων,R07
στηθαγχικων επεισοδιων,I20
στηθαχγη,I20
στορικο αγγειοπλαστικων,Z95
συγγενης καρδιοπαθεια,Q24
συγγενης καρδιοπαθεια κολποκοιλιακη επικοινωνια,Q24
συγγενους καρδιοπαθειας,Q24
συγκοπες,R55
συγκοπη,R55
συγκοπικα επεισοδια,R55
συγκοπικο επεισοδιο,R55
συγκοπικου επεισοδιου,R55
συγκοπτικα επεισοδια,R55
συγκοπτικο,R55
συγκοπτικο επεισοδιο,R55
συγκοπτικου επεισοδιου,R55
συγκοπτικων επεισοδιων,R55
συμπτωματα στηθαγχικου χαρακτηρα,R07
συμφορητικη καρδιακη ανεπαρκεια,I50
συμφορητικης κα,I50
συμφορητικης καρδιακης ανεπαρκειας,I50
συνδρομο sjogren,M35
συνδρομο takotsubo,I43
συνδρομο ταχυκαρδιας βραδυκαρδιας,I49
συνεδρια αιμοκαθαρσης,Z99
συνεδρια τεχνητου νεφρου,Z99
συνεδριες αιμοκαθαρσης,Z99
συνεδριες τ ν,Z99
συνεδριες τεχνητου νεφρου,Z99
συνεδριες τν,Z99
συνοδη ζαλη,R42
συσκευης υποβοηθησης lvad,Z95
συστηματικος ερυθηματωδης λυκος,M32
συστολικη κα,I50
συστολικη καρδιακη ανεπαρκεια,I50
συσφιγκτικο αλγος,R07
συσφιγκτικο αλγος στην προκαρδια χωρα,R07
συσφιγκτικο προκαρδιο αλγος,R07
συσφιγκτικου αλγου,R07
συσφιγκτικου αλγους οπισθοστερνικα,R07
συσφιγκτικου αλγους στο στερνο,R07
συσφιγκτικου οπισθοστερνικου αλγους,R07
συσφικτικο αισθημα,R07
συσφικτικο αισθημα στην προκαρδιο χωρα,R07
συσφικτικο αλγος δυσφορια,R07
συσφικτικου αλγους αριστερου ημιθωρακιου,R07
συσφικτικου αλγους στο αριστερο ημιθωρακιο,R07
συσφικτικου θωρακικου αλγους,R07
συσφικτικου και νυγμωδους θωρακικου αλγους,R07
συσφικτικου προκαρδιου αλγους,R07
συχνες πολυεστιακες εκς,I49
σχαιμικη μυοκαρδιοπαθεια,I25
τr,I07
ταση προς εμετο,R11
ταση προς εμετο και ζαλη,R11
τασης προς εμμετο,R11
ταχεια κμ,I48
ταχεια κολπικη μαρμαρυγη,I48
ταχειας κμ,I48
ταχειας κολπικης μαρμαρυγης,I48
ταχυαρρυθμιας,R00
ταχυκαρδια,R00
ταχυκαρδια με ευρεα qrs,I47
ταχυκαρδιας,R00
τεθηκε holter ρυθμου,Z95
τεθηκε μονιμος βηματοδοτης,Z95
τεφανιαια νοσος,I25
τεχνητο νεφρο,Z99
τκμ,I48
τν,Z99
τοξικος δακτυλιδισμος,R00
τοποθετηθηκε εκ νεου βηματοδοτης,Z95
τοποθετηση crt d,Z95
τοποθετηση holter,Z95
τοποθετηση icd,Z95
τοποθετηση stent,Z95
τοποθετηση βηματοδοτη,Z95
τοποθετηση βηματοδοτη απινιδωτη,Z95
τοποθετηση καθετηρα,T83
τοποθετηση μονιμου βηματοδοτη,Z95
τοποθετηση μονιμου βηματοδοτη ddd,Z95
τοποθετηση του μονιμου βηματοδοτη,Z95
τοποθετησης βηματοδοτη,Z95
τριγλωχινα,I07
υγρα περικαρδιτιδα,I30
υλπδ,E78
υπαραχνοειδης αιμορραγια,I60
υπεξαερωση,R09
υπερεπειγον υπερτασικο επεισοδιο,I10
υπερθυρεοειδισμος,E05
υπερκαπνικη αναπνευστικη ανεπαρκεια,J96
υπερκοιλιακες εκτακτες,I49
υπερκοιλιακες και κοιλιακες εκτακτες,I49
υπερκοιλιακες και κοιλιακες εκτακτες συστολες,I49
υπερκοιλιακη ταχυκαρδια,I47
υπερκοιλιακη ταχυκαρδια κολπικη ταχυκαρδια,I47
υπερκοιλιακης ταχυκαρδιας,I47
υπερκοιλιακης ταχυκαρδιας.,I47
υπερκοιλιακων ταχυκαρδιων,I47
υπερλιπιδαιμια,E78
υπερλιποιδαιμια,E78
υπερταση,I10
υπερτασικη αιχμη,I10
υπερτασικη αιχμη 200 100 mmhg,I10
υπερτασικη αιχμης,I10
υπερτασικη καρδιοπαθεια,I11
υπερτασικη κριση,I10
υπερτασικη νοσος,I10|I11
υπερτασικης αιχμης,I10
υπερτασικης κρισης,I10
υπερτριγλυκαιριδαιμια,E78
υπερτριγλυκεριδαιμια,E78
υπερτροφικη αποφρακτικη μυοκαρδιοπαθεια,I42
υπερτροφικη μυοκαρδιοπαθεια,I42
υπερτροφικης μυοκαρδιοπαθειας χωρις εικονα αποφραξης,I42
υπετασικης αιχμης,I10
υπλ,E78
υπο αιμοκαθαρση,Z99
υπο προσωρινο βηματοδοτη,Z95
υποθ σμος,E03
υποθυρ σμος,E03
υποθυρεοειδισμος,E00|E03
υποθυρεοειδισμου,E03
υποθυρεοεισδισμος,E03
υποθυροειδισμος,E03
υποκλινικος υποθυρεοειδισμος,E03
υποξεια περικαρδιτιδα,I30
υποξυ εμφραγμα,I21
υποξυ εμφραγμα του μυοκαρδιου,I24
υποταση,I95
υποτασης,I95
υποτροπιαζουσα αιματουρια,N02
υψηλη θερμοκρασια 38 5οc,R50
υψηλης καρδιακης συχνοτητας,R00
υψηλου βαθμου κκ αποκλεισμος,I44
υψηλου βαθμου κολκοκοιλιακο αποκλεισμο,I44
υψηλου βαθμου κολποκοιλιακος αποκλεισμος,I44
φερει βηματοδοτη,Z95
φλεβικη ανεπαρκεια κατω ακρων,I80
φλεβοθρομβωση,I80
φλεβοκομβικη βραδυκαρδια,R00
φλεβοκομβικη ταχυκαρδια,R00
φλεβοκομβικης βραδυκαρδιας,R00
φλεβοκομβοκολπικο αποκλεισμο 2ου βαθμου,I44
φλεβοκομβοκολπικος αποκλεισμος 2ου βαθμου,I44
φλεβοκομβοκολπικος αποκλεισμος 2ου βαθμου mobitz ii,I44
φλεβοκομβοκολπικος αποκλεισμος 2ου βαθμου mobitz ιι,I44
φλεβοκομικη βραδυκαρδια,R00
χ θεν ανευρυσμα κοιλιακης αορτης,I71
χna,N18
χαλαρωμενη προθεση,T84
χαλαρωση ενδοπροθεσης,T84
χαμηλο κολπικο ρυθμο,R00
χαπ,J44
χκμ,I48
χμκ,I48
χνα,N18
χνα τελικου σταδιου,N18
χνα υπο αιμοκαθαρση,Z99
χνα υπο τ ν,N18
χνα υπο τν,N18|Z99
χνν,N18
χνν τελικου σταδιου,N18
χνν τελικου σταδιου gfr 15ml min,N18
χνν υπο τν,N18
χολοστατικη ηπατιτιδα,K71
χρονια af,I48
χρονια αναπνευστικη ανεπαρκεια τ. 2,J96
χρονια αποφρακτικη πνευμονοπαθεια,J44
χρονια αποφρακτικη πνευμονοπαθεια περιοριστικου τυπου,J44
χρονια βρογχιτιδα,J44
χρονια δυσπνοια,R06
χρονια ηπατιτιδα,K75
χρονια καρδιακη ανεπαρκεια,I50
χρονια κμ,I48
χρονια κολπικη μαρμαρυγη,I48
χρονια νεφρικη ανεπακεια,N18
χρονια νεφρικη ανεπαρκεια,N18
χρονια νεφρικη ανεπαρκεια σταδιου ιιι,N18
χρονια νεφρικη ανεπαρκεια τελικου σταδιου,N18
χρονια νεφρικη ανεπαρκεια υπο αιμοκαθαρση,N18
χρονια νεφρικη ανεπαρκεια υπο τεχνητο νεφρο,N18
χρονια νεφρικη νοσος,N18
χρονια νεφρικη νοσος σταδιου,N18
χρονιας κολπικης μαρμαρυγη,I48
χρονιας κολπικης μαρμαρυγης,I48
χρονιας νεφρικης ανεπαρκειας,N18
χρονιας νεφρικης νοσου,N18
χρονιο κολπικο πτερυγισμο,I48
χρονιου διαχωρισμου,I71
ψευδαρθρωση,M96
ψυχοσωματικες διαταραχες,F45
ψωριασικη αρθριτιδα,M30-M36
ως οξυ στεφανιαιο συνδρομο,I21
